RandPlayer VS RandPlayer,,,,,,RandPlayer VS RandPlayer,,,,,,RandPlayer VS RandPlayer,,,,,,RandPlayer VS RandPlayer,,,,,,RandPlayer VS RandPlayer,,,,,,RandPlayer VS RandPlayer,,,,,,RandPlayer VS RandPlayer,,,,,,RandPlayer VS RandPlayer,,,,,,RandPlayer VS RandPlayer,,,,,,RandPlayer VS RandPlayer,,,,,,,,,VS Random Dealer,,,
Win,Lose,Bust,Draw,,,Win,Lose,Bust,Draw,,,Win,Lose,Bust,Draw,,,Win,Lose,Bust,Draw,,,Win,Lose,Bust,Draw,,,Win,Lose,Bust,Draw,,,Win,Lose,Bust,Draw,,,Win,Lose,Bust,Draw,,,Win,Lose,Bust,Draw,,,Win,Lose,Bust,Draw,,,,Agents,Wins,Losses,Busts,Draws,
39,21,37,3,,,50,13,35,2,,,38,24,36,2,,,46,12,36,6,,,39,20,39,2,,,39,23,35,3,,,42,21,36,1,,,48,19,33,0,,,42,20,32,6,,,49,12,36,3,,,,Random,43.2,18.5,35.5,2.8,
RandPlayer VS RulePlayer,,,,,,RandPlayer VS RulePlayer,,,,,,RandPlayer VS RulePlayer,,,,,,RandPlayer VS RulePlayer,,,,,,RandPlayer VS RulePlayer,,,,,,RandPlayer VS RulePlayer,,,,,,RandPlayer VS RulePlayer,,,,,,RandPlayer VS RulePlayer,,,,,,RandPlayer VS RulePlayer,,,,,,RandPlayer VS RulePlayer,,,,,,,RuleBased,58.8,8,29.3,3.9,
Win,Lose,Bust,Draw,,,Win,Lose,Bust,Draw,,,Win,Lose,Bust,Draw,,,Win,Lose,Bust,Draw,,,Win,Lose,Bust,Draw,,,Win,Lose,Bust,Draw,,,Win,Lose,Bust,Draw,,,Win,Lose,Bust,Draw,,,Win,Lose,Bust,Draw,,,Win,Lose,Bust,Draw,,,,NeuralNetworkRandom,60.3,7,28.6,4.1,
20,37,37,6,,,33,32,29,6,,,24,41,31,4,,,31,34,33,2,,,25,33,36,6,,,30,32,36,2,,,32,32,32,4,,,30,36,32,2,,,22,34,39,5,,,38,29,28,5,,,,NeuralNetworkRuleBased,53.6,4.4,38,4,
RandPlayer VS NeuralRandPlayer,,,,,,RandPlayer VS NeuralRandPlayer,,,,,,RandPlayer VS NeuralRandPlayer,,,,,,RandPlayer VS NeuralRandPlayer,,,,,,RandPlayer VS NeuralRandPlayer,,,,,,RandPlayer VS NeuralRandPlayer,,,,,,RandPlayer VS NeuralRandPlayer,,,,,,RandPlayer VS NeuralRandPlayer,,,,,,RandPlayer VS NeuralRandPlayer,,,,,,RandPlayer VS NeuralRandPlayer,,,,,,,NeuralNetworkRefined,51.1,4.9,40.4,3.6,
Win,Lose,Bust,Draw,,,Win,Lose,Bust,Draw,,,Win,Lose,Bust,Draw,,,Win,Lose,Bust,Draw,,,Win,Lose,Bust,Draw,,,Win,Lose,Bust,Draw,,,Win,Lose,Bust,Draw,,,Win,Lose,Bust,Draw,,,Win,Lose,Bust,Draw,,,Win,Lose,Bust,Draw,,,,DecisionTreeRandom,56.8,9.3,30,3.9,
23,33,39,5,,,27,32,37,4,,,22,42,34,2,,,27,28,38,7,,,25,34,37,4,,,25,28,42,5,,,25,34,37,4,,,22,38,35,5,,,24,30,44,2,,,25,41,29,5,,,,DecisionTreeRuleBased,57.3,7.9,31.7,3.1,
RandPlayer VS NeuralRulePlayer,,,,,,RandPlayer VS NeuralRulePlayer,,,,,,RandPlayer VS NeuralRulePlayer,,,,,,RandPlayer VS NeuralRulePlayer,,,,,,RandPlayer VS NeuralRulePlayer,,,,,,RandPlayer VS NeuralRulePlayer,,,,,,RandPlayer VS NeuralRulePlayer,,,,,,RandPlayer VS NeuralRulePlayer,,,,,,RandPlayer VS NeuralRulePlayer,,,,,,RandPlayer VS NeuralRulePlayer,,,,,,,DecisionTreeRefined,60.4,13.2,22.1,4.3,
Win,Lose,Bust,Draw,,,Win,Lose,Bust,Draw,,,Win,Lose,Bust,Draw,,,Win,Lose,Bust,Draw,,,Win,Lose,Bust,Draw,,,Win,Lose,Bust,Draw,,,Win,Lose,Bust,Draw,,,Win,Lose,Bust,Draw,,,Win,Lose,Bust,Draw,,,Win,Lose,Bust,Draw,,,,,,,,,
35,41,24,0,,,25,33,40,2,,,35,28,34,3,,,30,34,33,3,,,28,36,34,2,,,29,32,36,3,,,26,39,33,2,,,27,29,41,3,,,26,32,35,7,,,27,39,32,2,,,,,,,,,
RandPlayer VS NeuralRefinedPlayer,,,,,,RandPlayer VS NeuralRefinedPlayer,,,,,,RandPlayer VS NeuralRefinedPlayer,,,,,,RandPlayer VS NeuralRefinedPlayer,,,,,,RandPlayer VS NeuralRefinedPlayer,,,,,,RandPlayer VS NeuralRefinedPlayer,,,,,,RandPlayer VS NeuralRefinedPlayer,,,,,,RandPlayer VS NeuralRefinedPlayer,,,,,,RandPlayer VS NeuralRefinedPlayer,,,,,,RandPlayer VS NeuralRefinedPlayer,,,,,,,,,,,,
Win,Lose,Bust,Draw,,,Win,Lose,Bust,Draw,,,Win,Lose,Bust,Draw,,,Win,Lose,Bust,Draw,,,Win,Lose,Bust,Draw,,,Win,Lose,Bust,Draw,,,Win,Lose,Bust,Draw,,,Win,Lose,Bust,Draw,,,Win,Lose,Bust,Draw,,,Win,Lose,Bust,Draw,,,,,,VS RuleBased Dealer,,,
28,28,37,7,,,31,38,30,1,,,21,34,44,1,,,26,35,33,6,,,27,37,33,3,,,35,32,32,1,,,17,31,45,7,,,20,42,35,3,,,28,32,36,4,,,26,40,33,1,,,,Agents,Wins,Losses,Busts,Draws,
RandPlayer VS DecisionRandPlayer,,,,,,RandPlayer VS DecisionRandPlayer,,,,,,RandPlayer VS DecisionRandPlayer,,,,,,RandPlayer VS DecisionRandPlayer,,,,,,RandPlayer VS DecisionRandPlayer,,,,,,RandPlayer VS DecisionRandPlayer,,,,,,RandPlayer VS DecisionRandPlayer,,,,,,RandPlayer VS DecisionRandPlayer,,,,,,RandPlayer VS DecisionRandPlayer,,,,,,RandPlayer VS DecisionRandPlayer,,,,,,,Random,28.5,34,33.3,4.2,
Win,Lose,Bust,Draw,,,Win,Lose,Bust,Draw,,,Win,Lose,Bust,Draw,,,Win,Lose,Bust,Draw,,,Win,Lose,Bust,Draw,,,Win,Lose,Bust,Draw,,,Win,Lose,Bust,Draw,,,Win,Lose,Bust,Draw,,,Win,Lose,Bust,Draw,,,Win,Lose,Bust,Draw,,,,RuleBased,39.9,17.5,31.2,11.4,
26,36,35,3,,,26,37,34,3,,,35,36,25,4,,,28,37,30,5,,,29,29,37,5,,,25,38,35,2,,,23,37,40,0,,,24,33,40,3,,,32,29,36,3,,,29,28,40,3,,,,NeuralNetworkRandom,38.9,20.1,32.3,8.7,
RandPlayer VS DecisionRulePlayer,,,,,,RandPlayer VS DecisionRulePlayer,,,,,,RandPlayer VS DecisionRulePlayer,,,,,,RandPlayer VS DecisionRulePlayer,,,,,,RandPlayer VS DecisionRulePlayer,,,,,,RandPlayer VS DecisionRulePlayer,,,,,,RandPlayer VS DecisionRulePlayer,,,,,,RandPlayer VS DecisionRulePlayer,,,,,,RandPlayer VS DecisionRulePlayer,,,,,,RandPlayer VS DecisionRulePlayer,,,,,,,NeuralNetworkRuleBased,39.1,12.4,37.3,11.2,
Win,Lose,Bust,Draw,,,Win,Lose,Bust,Draw,,,Win,Lose,Bust,Draw,,,Win,Lose,Bust,Draw,,,Win,Lose,Bust,Draw,,,Win,Lose,Bust,Draw,,,Win,Lose,Bust,Draw,,,Win,Lose,Bust,Draw,,,Win,Lose,Bust,Draw,,,Win,Lose,Bust,Draw,,,,NeuralNetworkRefined,34.7,15,41.4,8.9,
39,30,28,3,,,31,33,36,0,,,26,32,39,3,,,26,34,39,1,,,31,35,31,3,,,24,38,36,2,,,30,29,39,2,,,29,32,35,4,,,25,28,44,3,,,25,36,38,1,,,,DecisionTreeRandom,40.3,20.5,29.4,9.8,
RandPlayer VS DecisionRefinedPlayer,,,,,,RandPlayer VS DecisionRefinedPlayer,,,,,,RandPlayer VS DecisionRefinedPlayer,,,,,,RandPlayer VS DecisionRefinedPlayer,,,,,,RandPlayer VS DecisionRefinedPlayer,,,,,,RandPlayer VS DecisionRefinedPlayer,,,,,,RandPlayer VS DecisionRefinedPlayer,,,,,,RandPlayer VS DecisionRefinedPlayer,,,,,,RandPlayer VS DecisionRefinedPlayer,,,,,,RandPlayer VS DecisionRefinedPlayer,,,,,,,DecisionTreeRuleBased,40.7,20.2,29.5,9.6,
Win,Lose,Bust,Draw,,,Win,Lose,Bust,Draw,,,Win,Lose,Bust,Draw,,,Win,Lose,Bust,Draw,,,Win,Lose,Bust,Draw,,,Win,Lose,Bust,Draw,,,Win,Lose,Bust,Draw,,,Win,Lose,Bust,Draw,,,Win,Lose,Bust,Draw,,,Win,Lose,Bust,Draw,,,,DecisionTreeRefined,44.8,28,19.4,7.8,
29,44,23,4,,,25,37,35,3,,,18,41,38,3,,,27,33,36,4,,,17,37,44,2,,,26,30,35,9,,,21,34,42,3,,,20,36,38,6,,,26,35,33,6,,,29,32,34,5,,,,,,,,,
,,,,,,,,,,,,,,,,,,,,,,,,,,,,,,,,,,,,,,,,,,,,,,,,,,,,,,,,,,,,,,,,,,
,,,,,,,,,,,,,,,,,,,,,,,,,,,,,,,,,,,,,,,,,,,,,,,,,,,,,,,,,,,,,,,,,,
RulePlayer VS RandPlayer,,,,,,RulePlayer VS RandPlayer,,,,,,RulePlayer VS RandPlayer,,,,,,RulePlayer VS RandPlayer,,,,,,RulePlayer VS RandPlayer,,,,,,RulePlayer VS RandPlayer,,,,,,RulePlayer VS RandPlayer,,,,,,RulePlayer VS RandPlayer,,,,,,RulePlayer VS RandPlayer,,,,,,RulePlayer VS RandPlayer,,,,,,,,,VS NeuralNetworkRandom Dealer,,,
Win,Lose,Bust,Draw,,,Win,Lose,Bust,Draw,,,Win,Lose,Bust,Draw,,,Win,Lose,Bust,Draw,,,Win,Lose,Bust,Draw,,,Win,Lose,Bust,Draw,,,Win,Lose,Bust,Draw,,,Win,Lose,Bust,Draw,,,Win,Lose,Bust,Draw,,,Win,Lose,Bust,Draw,,,,Agents,Wins,Losses,Busts,Draws,
57,8,31,4,,,63,6,29,2,,,52,7,37,4,,,57,10,29,4,,,64,7,24,5,,,58,8,31,3,,,56,13,26,5,,,54,7,30,9,,,65,8,26,1,,,62,6,30,2,,,,Random,24.5,34,37.2,4.3,
RulePlayer VS RulePlayer,,,,,,RulePlayer VS RulePlayer,,,,,,RulePlayer VS RulePlayer,,,,,,RulePlayer VS RulePlayer,,,,,,RulePlayer VS RulePlayer,,,,,,RulePlayer VS RulePlayer,,,,,,RulePlayer VS RulePlayer,,,,,,RulePlayer VS RulePlayer,,,,,,RulePlayer VS RulePlayer,,,,,,RulePlayer VS RulePlayer,,,,,,,RuleBased,41.8,18.7,29.5,10,
Win,Lose,Bust,Draw,,,Win,Lose,Bust,Draw,,,Win,Lose,Bust,Draw,,,Win,Lose,Bust,Draw,,,Win,Lose,Bust,Draw,,,Win,Lose,Bust,Draw,,,Win,Lose,Bust,Draw,,,Win,Lose,Bust,Draw,,,Win,Lose,Bust,Draw,,,Win,Lose,Bust,Draw,,,,NeuralNetworkRandom,42,20.6,28.8,8.6,
39,20,32,9,,,42,15,32,11,,,44,12,39,5,,,42,17,27,14,,,39,21,31,9,,,38,22,28,12,,,37,19,26,18,,,38,15,36,11,,,39,18,31,12,,,41,16,30,13,,,,NeuralNetworkRuleBased,38.4,16.6,36.6,8.4,
RulePlayer VS NeuralRandPlayer,,,,,,RulePlayer VS NeuralRandPlayer,,,,,,RulePlayer VS NeuralRandPlayer,,,,,,RulePlayer VS NeuralRandPlayer,,,,,,RulePlayer VS NeuralRandPlayer,,,,,,RulePlayer VS NeuralRandPlayer,,,,,,RulePlayer VS NeuralRandPlayer,,,,,,RulePlayer VS NeuralRandPlayer,,,,,,RulePlayer VS NeuralRandPlayer,,,,,,RulePlayer VS NeuralRandPlayer,,,,,,,NeuralNetworkRefined,37.7,15.1,40.4,6.8,
Win,Lose,Bust,Draw,,,Win,Lose,Bust,Draw,,,Win,Lose,Bust,Draw,,,Win,Lose,Bust,Draw,,,Win,Lose,Bust,Draw,,,Win,Lose,Bust,Draw,,,Win,Lose,Bust,Draw,,,Win,Lose,Bust,Draw,,,Win,Lose,Bust,Draw,,,Win,Lose,Bust,Draw,,,,DecisionTreeRandom,41.2,19.7,29.1,10,
38,26,22,14,,,46,13,29,12,,,49,16,26,9,,,40,16,31,13,,,44,13,36,7,,,40,18,35,7,,,41,20,29,10,,,30,25,35,10,,,43,20,28,9,,,47,20,24,9,,,,DecisionTreeRuleBased,42.4,19.8,28,9.8,
RulePlayer VS NeuralRulePlayer,,,,,,RulePlayer VS NeuralRulePlayer,,,,,,RulePlayer VS NeuralRulePlayer,,,,,,RulePlayer VS NeuralRulePlayer,,,,,,RulePlayer VS NeuralRulePlayer,,,,,,RulePlayer VS NeuralRulePlayer,,,,,,RulePlayer VS NeuralRulePlayer,,,,,,RulePlayer VS NeuralRulePlayer,,,,,,RulePlayer VS NeuralRulePlayer,,,,,,RulePlayer VS NeuralRulePlayer,,,,,,,DecisionTreeRefined,40.2,28.7,21.5,9.6,
Win,Lose,Bust,Draw,,,Win,Lose,Bust,Draw,,,Win,Lose,Bust,Draw,,,Win,Lose,Bust,Draw,,,Win,Lose,Bust,Draw,,,Win,Lose,Bust,Draw,,,Win,Lose,Bust,Draw,,,Win,Lose,Bust,Draw,,,Win,Lose,Bust,Draw,,,Win,Lose,Bust,Draw,,,,,,,,,
51,16,23,10,,,48,21,25,6,,,41,19,32,8,,,52,11,30,7,,,49,16,30,5,,,50,15,28,7,,,49,17,24,10,,,43,19,31,7,,,39,18,32,11,,,44,20,28,8,,,,,,,,,
RulePlayer VS NeuralRefinedPlayer,,,,,,RulePlayer VS NeuralRefinedPlayer,,,,,,RulePlayer VS NeuralRefinedPlayer,,,,,,RulePlayer VS NeuralRefinedPlayer,,,,,,RulePlayer VS NeuralRefinedPlayer,,,,,,RulePlayer VS NeuralRefinedPlayer,,,,,,RulePlayer VS NeuralRefinedPlayer,,,,,,RulePlayer VS NeuralRefinedPlayer,,,,,,RulePlayer VS NeuralRefinedPlayer,,,,,,RulePlayer VS NeuralRefinedPlayer,,,,,,,,,,,,
Win,Lose,Bust,Draw,,,Win,Lose,Bust,Draw,,,Win,Lose,Bust,Draw,,,Win,Lose,Bust,Draw,,,Win,Lose,Bust,Draw,,,Win,Lose,Bust,Draw,,,Win,Lose,Bust,Draw,,,Win,Lose,Bust,Draw,,,Win,Lose,Bust,Draw,,,Win,Lose,Bust,Draw,,,,,,VS NeuralNetworkRuleBased Dealer,,,
43,23,24,10,,,42,18,29,11,,,34,23,25,18,,,47,21,24,8,,,48,22,24,6,,,52,19,23,6,,,39,21,30,10,,,41,19,35,5,,,52,21,21,6,,,47,16,30,7,,,,Agents,Wins,Losses,Busts,Draws,
RulePlayer VS DecisionRandPlayer,,,,,,RulePlayer VS DecisionRandPlayer,,,,,,RulePlayer VS DecisionRandPlayer,,,,,,RulePlayer VS DecisionRandPlayer,,,,,,RulePlayer VS DecisionRandPlayer,,,,,,RulePlayer VS DecisionRandPlayer,,,,,,RulePlayer VS DecisionRandPlayer,,,,,,RulePlayer VS DecisionRandPlayer,,,,,,RulePlayer VS DecisionRandPlayer,,,,,,RulePlayer VS DecisionRandPlayer,,,,,,,Random,28.8,34.3,34.2,2.7,
Win,Lose,Bust,Draw,,,Win,Lose,Bust,Draw,,,Win,Lose,Bust,Draw,,,Win,Lose,Bust,Draw,,,Win,Lose,Bust,Draw,,,Win,Lose,Bust,Draw,,,Win,Lose,Bust,Draw,,,Win,Lose,Bust,Draw,,,Win,Lose,Bust,Draw,,,Win,Lose,Bust,Draw,,,,RuleBased,46.6,17.2,28.3,7.9,
35,29,28,8,,,54,18,22,6,,,37,23,33,7,,,30,20,37,13,,,45,21,27,7,,,35,24,27,14,,,32,32,30,6,,,44,18,25,13,,,40,18,29,13,,,39,21,26,14,,,,NeuralNetworkRandom,43.6,19.6,28,8.8,
RulePlayer VS DecisionRulePlayer,,,,,,RulePlayer VS DecisionRulePlayer,,,,,,RulePlayer VS DecisionRulePlayer,,,,,,RulePlayer VS DecisionRulePlayer,,,,,,RulePlayer VS DecisionRulePlayer,,,,,,RulePlayer VS DecisionRulePlayer,,,,,,RulePlayer VS DecisionRulePlayer,,,,,,RulePlayer VS DecisionRulePlayer,,,,,,RulePlayer VS DecisionRulePlayer,,,,,,RulePlayer VS DecisionRulePlayer,,,,,,,NeuralNetworkRuleBased,40.1,14.9,36.1,8.9,
Win,Lose,Bust,Draw,,,Win,Lose,Bust,Draw,,,Win,Lose,Bust,Draw,,,Win,Lose,Bust,Draw,,,Win,Lose,Bust,Draw,,,Win,Lose,Bust,Draw,,,Win,Lose,Bust,Draw,,,Win,Lose,Bust,Draw,,,Win,Lose,Bust,Draw,,,Win,Lose,Bust,Draw,,,,NeuralNetworkRefined,40.2,14.1,37.3,8.4,
54,22,21,3,,,44,23,26,7,,,37,15,38,10,,,42,15,34,9,,,41,22,20,17,,,36,19,38,7,,,41,27,25,7,,,44,15,32,9,,,35,20,36,9,,,43,17,31,9,,,,DecisionTreeRandom,39.8,20.3,31.5,8.4,
RulePlayer VS DecisionRefinedPlayer,,,,,,RulePlayer VS DecisionRefinedPlayer,,,,,,RulePlayer VS DecisionRefinedPlayer,,,,,,RulePlayer VS DecisionRefinedPlayer,,,,,,RulePlayer VS DecisionRefinedPlayer,,,,,,RulePlayer VS DecisionRefinedPlayer,,,,,,RulePlayer VS DecisionRefinedPlayer,,,,,,RulePlayer VS DecisionRefinedPlayer,,,,,,RulePlayer VS DecisionRefinedPlayer,,,,,,RulePlayer VS DecisionRefinedPlayer,,,,,,,DecisionTreeRuleBased,40.8,20.2,27.7,11.3,
Win,Lose,Bust,Draw,,,Win,Lose,Bust,Draw,,,Win,Lose,Bust,Draw,,,Win,Lose,Bust,Draw,,,Win,Lose,Bust,Draw,,,Win,Lose,Bust,Draw,,,Win,Lose,Bust,Draw,,,Win,Lose,Bust,Draw,,,Win,Lose,Bust,Draw,,,Win,Lose,Bust,Draw,,,,DecisionTreeRefined,42.9,28.3,21.1,7.7,
53,10,26,11,,,49,15,31,5,,,43,27,26,4,,,43,9,37,11,,,36,22,38,4,,,48,16,28,8,,,50,20,23,7,,,46,18,28,8,,,45,19,29,7,,,46,13,33,8,,,,,,,,,
,,,,,,,,,,,,,,,,,,,,,,,,,,,,,,,,,,,,,,,,,,,,,,,,,,,,,,,,,,,,,,,,,,
,,,,,,,,,,,,,,,,,,,,,,,,,,,,,,,,,,,,,,,,,,,,,,,,,,,,,,,,,,,,,,,,,,
NeuralRandPlayer VS RandPlayer,,,,,,NeuralRandPlayer VS RandPlayer,,,,,,NeuralRandPlayer VS RandPlayer,,,,,,NeuralRandPlayer VS RandPlayer,,,,,,NeuralRandPlayer VS RandPlayer,,,,,,NeuralRandPlayer VS RandPlayer,,,,,,NeuralRandPlayer VS RandPlayer,,,,,,NeuralRandPlayer VS RandPlayer,,,,,,NeuralRandPlayer VS RandPlayer,,,,,,NeuralRandPlayer VS RandPlayer,,,,,,,,,VS NeuralNetworkRefined Dealer,,,
Win,Lose,Bust,Draw,,,Win,Lose,Bust,Draw,,,Win,Lose,Bust,Draw,,,Win,Lose,Bust,Draw,,,Win,Lose,Bust,Draw,,,Win,Lose,Bust,Draw,,,Win,Lose,Bust,Draw,,,Win,Lose,Bust,Draw,,,Win,Lose,Bust,Draw,,,Win,Lose,Bust,Draw,,,,Agents,Wins,Losses,Busts,Draws,
55,8,30,7,,,64,7,24,5,,,62,13,24,1,,,62,5,28,5,,,62,6,28,4,,,64,6,26,4,,,59,5,32,4,,,62,5,30,3,,,52,8,34,6,,,61,7,30,2,,,,Random,25.9,34.9,35.8,3.4,
NeuralRandPlayer VS RulePlayer,,,,,,NeuralRandPlayer VS RulePlayer,,,,,,NeuralRandPlayer VS RulePlayer,,,,,,NeuralRandPlayer VS RulePlayer,,,,,,NeuralRandPlayer VS RulePlayer,,,,,,NeuralRandPlayer VS RulePlayer,,,,,,NeuralRandPlayer VS RulePlayer,,,,,,NeuralRandPlayer VS RulePlayer,,,,,,NeuralRandPlayer VS RulePlayer,,,,,,NeuralRandPlayer VS RulePlayer,,,,,,,RuleBased,44.5,20.3,26.5,8.7,
Win,Lose,Bust,Draw,,,Win,Lose,Bust,Draw,,,Win,Lose,Bust,Draw,,,Win,Lose,Bust,Draw,,,Win,Lose,Bust,Draw,,,Win,Lose,Bust,Draw,,,Win,Lose,Bust,Draw,,,Win,Lose,Bust,Draw,,,Win,Lose,Bust,Draw,,,Win,Lose,Bust,Draw,,,,NeuralNetworkRandom,45.1,18.4,29.1,7.4,
42,14,30,14,,,38,18,39,5,,,41,23,30,6,,,42,16,32,10,,,34,24,33,9,,,32,33,27,8,,,41,15,35,9,,,46,17,29,8,,,38,23,31,8,,,35,18,37,10,,,,NeuralNetworkRuleBased,44.3,13.4,34.9,7.4,
NeuralRandPlayer VS NeuralRandPlayer,,,,,,NeuralRandPlayer VS NeuralRandPlayer,,,,,,NeuralRandPlayer VS NeuralRandPlayer,,,,,,NeuralRandPlayer VS NeuralRandPlayer,,,,,,NeuralRandPlayer VS NeuralRandPlayer,,,,,,NeuralRandPlayer VS NeuralRandPlayer,,,,,,NeuralRandPlayer VS NeuralRandPlayer,,,,,,NeuralRandPlayer VS NeuralRandPlayer,,,,,,NeuralRandPlayer VS NeuralRandPlayer,,,,,,NeuralRandPlayer VS NeuralRandPlayer,,,,,,,NeuralNetworkRefined,40.1,12.2,39.3,8.4,
Win,Lose,Bust,Draw,,,Win,Lose,Bust,Draw,,,Win,Lose,Bust,Draw,,,Win,Lose,Bust,Draw,,,Win,Lose,Bust,Draw,,,Win,Lose,Bust,Draw,,,Win,Lose,Bust,Draw,,,Win,Lose,Bust,Draw,,,Win,Lose,Bust,Draw,,,Win,Lose,Bust,Draw,,,,DecisionTreeRandom,46.6,16.9,29.8,6.7,
45,22,24,9,,,38,23,32,7,,,44,23,29,4,,,53,16,23,8,,,35,18,38,9,,,33,18,34,15,,,41,19,29,11,,,46,19,27,8,,,41,24,28,7,,,44,24,24,8,,,,DecisionTreeRuleBased,43.2,20.8,28.1,7.9,
NeuralRandPlayer VS NeuralRulePlayer,,,,,,NeuralRandPlayer VS NeuralRulePlayer,,,,,,NeuralRandPlayer VS NeuralRulePlayer,,,,,,NeuralRandPlayer VS NeuralRulePlayer,,,,,,NeuralRandPlayer VS NeuralRulePlayer,,,,,,NeuralRandPlayer VS NeuralRulePlayer,,,,,,NeuralRandPlayer VS NeuralRulePlayer,,,,,,NeuralRandPlayer VS NeuralRulePlayer,,,,,,NeuralRandPlayer VS NeuralRulePlayer,,,,,,NeuralRandPlayer VS NeuralRulePlayer,,,,,,,DecisionTreeRefined,44.9,24.5,22.9,7.7,
Win,Lose,Bust,Draw,,,Win,Lose,Bust,Draw,,,Win,Lose,Bust,Draw,,,Win,Lose,Bust,Draw,,,Win,Lose,Bust,Draw,,,Win,Lose,Bust,Draw,,,Win,Lose,Bust,Draw,,,Win,Lose,Bust,Draw,,,Win,Lose,Bust,Draw,,,Win,Lose,Bust,Draw,,,,,,,,,
43,14,33,10,,,40,25,28,7,,,47,14,28,11,,,50,18,24,8,,,44,19,25,12,,,42,22,24,12,,,35,25,33,7,,,45,20,29,6,,,43,21,28,8,,,47,18,28,7,,,,,,,,,
NeuralRandPlayer VS NeuralRefinedPlayer,,,,,,NeuralRandPlayer VS NeuralRefinedPlayer,,,,,,NeuralRandPlayer VS NeuralRefinedPlayer,,,,,,NeuralRandPlayer VS NeuralRefinedPlayer,,,,,,NeuralRandPlayer VS NeuralRefinedPlayer,,,,,,NeuralRandPlayer VS NeuralRefinedPlayer,,,,,,NeuralRandPlayer VS NeuralRefinedPlayer,,,,,,NeuralRandPlayer VS NeuralRefinedPlayer,,,,,,NeuralRandPlayer VS NeuralRefinedPlayer,,,,,,NeuralRandPlayer VS NeuralRefinedPlayer,,,,,,,,,,,,
Win,Lose,Bust,Draw,,,Win,Lose,Bust,Draw,,,Win,Lose,Bust,Draw,,,Win,Lose,Bust,Draw,,,Win,Lose,Bust,Draw,,,Win,Lose,Bust,Draw,,,Win,Lose,Bust,Draw,,,Win,Lose,Bust,Draw,,,Win,Lose,Bust,Draw,,,Win,Lose,Bust,Draw,,,,,,VS DecisionTreeRandom Dealer,,,
46,22,23,9,,,44,21,27,8,,,47,23,24,6,,,53,12,29,6,,,41,18,35,6,,,41,18,27,14,,,41,15,37,7,,,46,15,33,6,,,43,20,31,6,,,49,20,25,6,,,,Agents,Wins,Losses,Busts,Draws,
NeuralRandPlayer VS DecisionRandPlayer,,,,,,NeuralRandPlayer VS DecisionRandPlayer,,,,,,NeuralRandPlayer VS DecisionRandPlayer,,,,,,NeuralRandPlayer VS DecisionRandPlayer,,,,,,NeuralRandPlayer VS DecisionRandPlayer,,,,,,NeuralRandPlayer VS DecisionRandPlayer,,,,,,NeuralRandPlayer VS DecisionRandPlayer,,,,,,NeuralRandPlayer VS DecisionRandPlayer,,,,,,NeuralRandPlayer VS DecisionRandPlayer,,,,,,NeuralRandPlayer VS DecisionRandPlayer,,,,,,,Random,27.7,34,35.2,3.1,
Win,Lose,Bust,Draw,,,Win,Lose,Bust,Draw,,,Win,Lose,Bust,Draw,,,Win,Lose,Bust,Draw,,,Win,Lose,Bust,Draw,,,Win,Lose,Bust,Draw,,,Win,Lose,Bust,Draw,,,Win,Lose,Bust,Draw,,,Win,Lose,Bust,Draw,,,Win,Lose,Bust,Draw,,,,RuleBased,39.1,22.4,28.4,10.1,
46,17,30,7,,,41,30,22,7,,,47,15,27,11,,,47,20,27,6,,,39,23,29,9,,,44,20,27,9,,,43,17,27,13,,,39,19,27,15,,,47,17,29,7,,,37,20,31,12,,,,NeuralNetworkRandom,43,19.8,27.6,9.6,
NeuralRandPlayer VS DecisionRulePlayer,,,,,,NeuralRandPlayer VS DecisionRulePlayer,,,,,,NeuralRandPlayer VS DecisionRulePlayer,,,,,,NeuralRandPlayer VS DecisionRulePlayer,,,,,,NeuralRandPlayer VS DecisionRulePlayer,,,,,,NeuralRandPlayer VS DecisionRulePlayer,,,,,,NeuralRandPlayer VS DecisionRulePlayer,,,,,,NeuralRandPlayer VS DecisionRulePlayer,,,,,,NeuralRandPlayer VS DecisionRulePlayer,,,,,,NeuralRandPlayer VS DecisionRulePlayer,,,,,,,NeuralNetworkRuleBased,45.2,12,34.3,8.5,
Win,Lose,Bust,Draw,,,Win,Lose,Bust,Draw,,,Win,Lose,Bust,Draw,,,Win,Lose,Bust,Draw,,,Win,Lose,Bust,Draw,,,Win,Lose,Bust,Draw,,,Win,Lose,Bust,Draw,,,Win,Lose,Bust,Draw,,,Win,Lose,Bust,Draw,,,Win,Lose,Bust,Draw,,,,NeuralNetworkRefined,39.7,15.5,37.2,7.6,
44,17,30,9,,,38,25,31,6,,,41,22,26,11,,,38,19,32,11,,,36,16,36,12,,,41,23,30,6,,,41,19,33,7,,,47,21,24,8,,,42,19,31,8,,,37,25,32,6,,,,DecisionTreeRandom,40.3,18.8,30.9,10,
NeuralRandPlayer VS DecisionRefinedPlayer,,,,,,NeuralRandPlayer VS DecisionRefinedPlayer,,,,,,NeuralRandPlayer VS DecisionRefinedPlayer,,,,,,NeuralRandPlayer VS DecisionRefinedPlayer,,,,,,NeuralRandPlayer VS DecisionRefinedPlayer,,,,,,NeuralRandPlayer VS DecisionRefinedPlayer,,,,,,NeuralRandPlayer VS DecisionRefinedPlayer,,,,,,NeuralRandPlayer VS DecisionRefinedPlayer,,,,,,NeuralRandPlayer VS DecisionRefinedPlayer,,,,,,NeuralRandPlayer VS DecisionRefinedPlayer,,,,,,,DecisionTreeRuleBased,42.5,17.6,31.2,8.7,
Win,Lose,Bust,Draw,,,Win,Lose,Bust,Draw,,,Win,Lose,Bust,Draw,,,Win,Lose,Bust,Draw,,,Win,Lose,Bust,Draw,,,Win,Lose,Bust,Draw,,,Win,Lose,Bust,Draw,,,Win,Lose,Bust,Draw,,,Win,Lose,Bust,Draw,,,Win,Lose,Bust,Draw,,,,DecisionTreeRefined,41.1,28.5,20.2,10.2,
39,14,32,15,,,51,20,26,3,,,42,15,31,12,,,40,17,31,12,,,43,12,35,10,,,56,17,21,6,,,43,18,32,7,,,41,24,27,8,,,47,14,29,10,,,50,17,27,6,,,,,,,,,
,,,,,,,,,,,,,,,,,,,,,,,,,,,,,,,,,,,,,,,,,,,,,,,,,,,,,,,,,,,,,,,,,,
,,,,,,,,,,,,,,,,,,,,,,,,,,,,,,,,,,,,,,,,,,,,,,,,,,,,,,,,,,,,,,,,,,
NeuralRulePlayer VS RandPlayer,,,,,,NeuralRulePlayer VS RandPlayer,,,,,,NeuralRulePlayer VS RandPlayer,,,,,,NeuralRulePlayer VS RandPlayer,,,,,,NeuralRulePlayer VS RandPlayer,,,,,,NeuralRulePlayer VS RandPlayer,,,,,,NeuralRulePlayer VS RandPlayer,,,,,,NeuralRulePlayer VS RandPlayer,,,,,,NeuralRulePlayer VS RandPlayer,,,,,,NeuralRulePlayer VS RandPlayer,,,,,,,,,VS DecisionTreeRulebased Dealer,,,
Win,Lose,Bust,Draw,,,Win,Lose,Bust,Draw,,,Win,Lose,Bust,Draw,,,Win,Lose,Bust,Draw,,,Win,Lose,Bust,Draw,,,Win,Lose,Bust,Draw,,,Win,Lose,Bust,Draw,,,Win,Lose,Bust,Draw,,,Win,Lose,Bust,Draw,,,Win,Lose,Bust,Draw,,,,Agents,Wins,Losses,Busts,Draws,
54,5,37,4,,,43,4,47,6,,,60,2,33,5,,,58,6,31,5,,,55,1,39,5,,,57,4,37,2,,,47,11,41,1,,,61,2,33,4,,,51,5,43,1,,,50,4,39,7,,,,Random,28.6,32.7,36.5,2.2,
NeuralRulePlayer VS RulePlayer,,,,,,NeuralRulePlayer VS RulePlayer,,,,,,NeuralRulePlayer VS RulePlayer,,,,,,NeuralRulePlayer VS RulePlayer,,,,,,NeuralRulePlayer VS RulePlayer,,,,,,NeuralRulePlayer VS RulePlayer,,,,,,NeuralRulePlayer VS RulePlayer,,,,,,NeuralRulePlayer VS RulePlayer,,,,,,NeuralRulePlayer VS RulePlayer,,,,,,NeuralRulePlayer VS RulePlayer,,,,,,,RuleBased,41.7,19.5,30.1,8.7,
Win,Lose,Bust,Draw,,,Win,Lose,Bust,Draw,,,Win,Lose,Bust,Draw,,,Win,Lose,Bust,Draw,,,Win,Lose,Bust,Draw,,,Win,Lose,Bust,Draw,,,Win,Lose,Bust,Draw,,,Win,Lose,Bust,Draw,,,Win,Lose,Bust,Draw,,,Win,Lose,Bust,Draw,,,,NeuralNetworkRandom,40.5,20.6,30.5,8.4,
42,5,43,10,,,44,12,32,12,,,33,14,44,9,,,43,9,33,15,,,34,16,37,13,,,38,12,38,12,,,34,15,40,11,,,38,11,39,12,,,38,17,35,10,,,47,13,32,8,,,,NeuralNetworkRuleBased,39.3,13.8,38.2,8.7,
NeuralRulePlayer VS NeuralRandPlayer,,,,,,NeuralRulePlayer VS NeuralRandPlayer,,,,,,NeuralRulePlayer VS NeuralRandPlayer,,,,,,NeuralRulePlayer VS NeuralRandPlayer,,,,,,NeuralRulePlayer VS NeuralRandPlayer,,,,,,NeuralRulePlayer VS NeuralRandPlayer,,,,,,NeuralRulePlayer VS NeuralRandPlayer,,,,,,NeuralRulePlayer VS NeuralRandPlayer,,,,,,NeuralRulePlayer VS NeuralRandPlayer,,,,,,NeuralRulePlayer VS NeuralRandPlayer,,,,,,,NeuralNetworkRefined,37.9,13.8,40.1,8.2,
Win,Lose,Bust,Draw,,,Win,Lose,Bust,Draw,,,Win,Lose,Bust,Draw,,,Win,Lose,Bust,Draw,,,Win,Lose,Bust,Draw,,,Win,Lose,Bust,Draw,,,Win,Lose,Bust,Draw,,,Win,Lose,Bust,Draw,,,Win,Lose,Bust,Draw,,,Win,Lose,Bust,Draw,,,,DecisionTreeRandom,43.1,20.8,28.4,7.7,
49,14,34,3,,,35,21,40,4,,,31,18,47,4,,,42,14,31,13,,,38,15,34,13,,,42,16,33,9,,,37,13,39,11,,,36,21,34,9,,,41,15,33,11,,,33,19,41,7,,,,DecisionTreeRuleBased,40,20.5,29.3,10.2,
NeuralRulePlayer VS NeuralRulePlayer,,,,,,NeuralRulePlayer VS NeuralRulePlayer,,,,,,NeuralRulePlayer VS NeuralRulePlayer,,,,,,NeuralRulePlayer VS NeuralRulePlayer,,,,,,NeuralRulePlayer VS NeuralRulePlayer,,,,,,NeuralRulePlayer VS NeuralRulePlayer,,,,,,NeuralRulePlayer VS NeuralRulePlayer,,,,,,NeuralRulePlayer VS NeuralRulePlayer,,,,,,NeuralRulePlayer VS NeuralRulePlayer,,,,,,NeuralRulePlayer VS NeuralRulePlayer,,,,,,,DecisionTreeRefined,44.4,28.4,19.6,7.6,
Win,Lose,Bust,Draw,,,Win,Lose,Bust,Draw,,,Win,Lose,Bust,Draw,,,Win,Lose,Bust,Draw,,,Win,Lose,Bust,Draw,,,Win,Lose,Bust,Draw,,,Win,Lose,Bust,Draw,,,Win,Lose,Bust,Draw,,,Win,Lose,Bust,Draw,,,Win,Lose,Bust,Draw,,,,,,,,,
42,14,35,9,,,34,15,42,9,,,43,12,35,10,,,43,15,28,14,,,39,15,39,7,,,33,13,43,11,,,43,14,36,7,,,39,16,36,9,,,36,23,35,6,,,49,12,32,7,,,,,,,,,
NeuralRulePlayer VS NeuralRefinedPlayer,,,,,,NeuralRulePlayer VS NeuralRefinedPlayer,,,,,,NeuralRulePlayer VS NeuralRefinedPlayer,,,,,,NeuralRulePlayer VS NeuralRefinedPlayer,,,,,,NeuralRulePlayer VS NeuralRefinedPlayer,,,,,,NeuralRulePlayer VS NeuralRefinedPlayer,,,,,,NeuralRulePlayer VS NeuralRefinedPlayer,,,,,,NeuralRulePlayer VS NeuralRefinedPlayer,,,,,,NeuralRulePlayer VS NeuralRefinedPlayer,,,,,,NeuralRulePlayer VS NeuralRefinedPlayer,,,,,,,,,,,,
Win,Lose,Bust,Draw,,,Win,Lose,Bust,Draw,,,Win,Lose,Bust,Draw,,,Win,Lose,Bust,Draw,,,Win,Lose,Bust,Draw,,,Win,Lose,Bust,Draw,,,Win,Lose,Bust,Draw,,,Win,Lose,Bust,Draw,,,Win,Lose,Bust,Draw,,,Win,Lose,Bust,Draw,,,,,,VS DecisionTreeRefined Dealer,,,
52,12,30,6,,,41,12,40,7,,,33,15,40,12,,,41,7,45,7,,,50,13,30,7,,,49,14,32,5,,,45,14,32,9,,,37,15,41,7,,,43,16,34,7,,,52,16,25,7,,,,Agents,Wins,Losses,Busts,Draws,
NeuralRulePlayer VS DecisionRandPlayer,,,,,,NeuralRulePlayer VS DecisionRandPlayer,,,,,,NeuralRulePlayer VS DecisionRandPlayer,,,,,,NeuralRulePlayer VS DecisionRandPlayer,,,,,,NeuralRulePlayer VS DecisionRandPlayer,,,,,,NeuralRulePlayer VS DecisionRandPlayer,,,,,,NeuralRulePlayer VS DecisionRandPlayer,,,,,,NeuralRulePlayer VS DecisionRandPlayer,,,,,,NeuralRulePlayer VS DecisionRandPlayer,,,,,,NeuralRulePlayer VS DecisionRandPlayer,,,,,,,Random,23.8,35.9,35.8,4.5,
Win,Lose,Bust,Draw,,,Win,Lose,Bust,Draw,,,Win,Lose,Bust,Draw,,,Win,Lose,Bust,Draw,,,Win,Lose,Bust,Draw,,,Win,Lose,Bust,Draw,,,Win,Lose,Bust,Draw,,,Win,Lose,Bust,Draw,,,Win,Lose,Bust,Draw,,,Win,Lose,Bust,Draw,,,,RuleBased,45.9,16.9,29.9,7.3,
37,17,38,8,,,46,13,30,11,,,45,6,33,16,,,47,10,36,7,,,47,14,29,10,,,49,13,32,6,,,44,12,32,12,,,44,9,41,6,,,44,15,35,6,,,49,11,37,3,,,,NeuralNetworkRandom,45.2,16.8,29.1,8.9,
NeuralRulePlayer VS DecisionRulePlayer,,,,,,NeuralRulePlayer VS DecisionRulePlayer,,,,,,NeuralRulePlayer VS DecisionRulePlayer,,,,,,NeuralRulePlayer VS DecisionRulePlayer,,,,,,NeuralRulePlayer VS DecisionRulePlayer,,,,,,NeuralRulePlayer VS DecisionRulePlayer,,,,,,NeuralRulePlayer VS DecisionRulePlayer,,,,,,NeuralRulePlayer VS DecisionRulePlayer,,,,,,NeuralRulePlayer VS DecisionRulePlayer,,,,,,NeuralRulePlayer VS DecisionRulePlayer,,,,,,,NeuralNetworkRuleBased,41.2,12.1,38.3,8.4,
Win,Lose,Bust,Draw,,,Win,Lose,Bust,Draw,,,Win,Lose,Bust,Draw,,,Win,Lose,Bust,Draw,,,Win,Lose,Bust,Draw,,,Win,Lose,Bust,Draw,,,Win,Lose,Bust,Draw,,,Win,Lose,Bust,Draw,,,Win,Lose,Bust,Draw,,,Win,Lose,Bust,Draw,,,,NeuralNetworkRefined,41.9,11.2,38.6,8.3,
41,14,37,8,,,37,12,37,14,,,38,13,41,8,,,42,11,37,10,,,39,13,41,7,,,38,14,39,9,,,36,18,38,8,,,47,17,32,4,,,31,13,44,12,,,44,13,36,7,,,,DecisionTreeRandom,45.6,19.2,26.9,8.3,
NeuralRulePlayer VS DecisionRefinedPlayer,,,,,,NeuralRulePlayer VS DecisionRefinedPlayer,,,,,,NeuralRulePlayer VS DecisionRefinedPlayer,,,,,,NeuralRulePlayer VS DecisionRefinedPlayer,,,,,,NeuralRulePlayer VS DecisionRefinedPlayer,,,,,,NeuralRulePlayer VS DecisionRefinedPlayer,,,,,,NeuralRulePlayer VS DecisionRefinedPlayer,,,,,,NeuralRulePlayer VS DecisionRefinedPlayer,,,,,,NeuralRulePlayer VS DecisionRefinedPlayer,,,,,,NeuralRulePlayer VS DecisionRefinedPlayer,,,,,,,DecisionTreeRuleBased,43.1,19.4,28.8,8.7,
Win,Lose,Bust,Draw,,,Win,Lose,Bust,Draw,,,Win,Lose,Bust,Draw,,,Win,Lose,Bust,Draw,,,Win,Lose,Bust,Draw,,,Win,Lose,Bust,Draw,,,Win,Lose,Bust,Draw,,,Win,Lose,Bust,Draw,,,Win,Lose,Bust,Draw,,,Win,Lose,Bust,Draw,,,,DecisionTreeRefined,44,25.1,21.5,9.4,
49,14,31,6,,,42,10,41,7,,,41,8,42,9,,,35,17,40,8,,,43,10,37,10,,,35,14,46,5,,,46,11,32,11,,,39,10,39,12,,,38,15,37,10,,,44,12,38,6,,,,,,,,,
,,,,,,,,,,,,,,,,,,,,,,,,,,,,,,,,,,,,,,,,,,,,,,,,,,,,,,,,,,,,,,,,,,
,,,,,,,,,,,,,,,,,,,,,,,,,,,,,,,,,,,,,,,,,,,,,,,,,,,,,,,,,,,,,,,,,,
NeuralRefinedPlayer VS RandPlayer,,,,,,NeuralRefinedPlayer VS RandPlayer,,,,,,NeuralRefinedPlayer VS RandPlayer,,,,,,NeuralRefinedPlayer VS RandPlayer,,,,,,NeuralRefinedPlayer VS RandPlayer,,,,,,NeuralRefinedPlayer VS RandPlayer,,,,,,NeuralRefinedPlayer VS RandPlayer,,,,,,NeuralRefinedPlayer VS RandPlayer,,,,,,NeuralRefinedPlayer VS RandPlayer,,,,,,NeuralRefinedPlayer VS RandPlayer,,,,,,,,,Overall,,,
Win,Lose,Bust,Draw,,,Win,Lose,Bust,Draw,,,Win,Lose,Bust,Draw,,,Win,Lose,Bust,Draw,,,Win,Lose,Bust,Draw,,,Win,Lose,Bust,Draw,,,Win,Lose,Bust,Draw,,,Win,Lose,Bust,Draw,,,Win,Lose,Bust,Draw,,,Win,Lose,Bust,Draw,,,,Agents,Wins,Losses,Busts,Draws,Win%
53,6,40,1,,,53,3,42,2,,,57,3,35,5,,,49,5,40,6,,,57,0,38,5,,,58,5,34,3,,,42,8,45,5,,,47,5,45,3,,,45,7,44,4,,,50,7,41,2,,,,Random,231,258.3,283.5,27.2,28.875
NeuralRefinedPlayer VS RulePlayer,,,,,,NeuralRefinedPlayer VS RulePlayer,,,,,,NeuralRefinedPlayer VS RulePlayer,,,,,,NeuralRefinedPlayer VS RulePlayer,,,,,,NeuralRefinedPlayer VS RulePlayer,,,,,,NeuralRefinedPlayer VS RulePlayer,,,,,,NeuralRefinedPlayer VS RulePlayer,,,,,,NeuralRefinedPlayer VS RulePlayer,,,,,,NeuralRefinedPlayer VS RulePlayer,,,,,,NeuralRefinedPlayer VS RulePlayer,,,,,,,RuleBased,358.3,140.5,233.2,68,44.7875
Win,Lose,Bust,Draw,,,Win,Lose,Bust,Draw,,,Win,Lose,Bust,Draw,,,Win,Lose,Bust,Draw,,,Win,Lose,Bust,Draw,,,Win,Lose,Bust,Draw,,,Win,Lose,Bust,Draw,,,Win,Lose,Bust,Draw,,,Win,Lose,Bust,Draw,,,Win,Lose,Bust,Draw,,,,NeuralNetworkRandom,358.6,142.9,234,64.5,44.825
37,11,39,13,,,27,22,44,7,,,34,17,37,12,,,41,18,32,9,,,33,8,52,7,,,34,16,40,10,,,32,15,46,7,,,40,15,38,7,,,31,15,45,9,,,38,13,41,8,,,,NeuralNetworkRuleBased,341.2,99.6,293.7,65.5,42.65
NeuralRefinedPlayer VS NeuralRandPlayer,,,,,,NeuralRefinedPlayer VS NeuralRandPlayer,,,,,,NeuralRefinedPlayer VS NeuralRandPlayer,,,,,,NeuralRefinedPlayer VS NeuralRandPlayer,,,,,,NeuralRefinedPlayer VS NeuralRandPlayer,,,,,,NeuralRefinedPlayer VS NeuralRandPlayer,,,,,,NeuralRefinedPlayer VS NeuralRandPlayer,,,,,,NeuralRefinedPlayer VS NeuralRandPlayer,,,,,,NeuralRefinedPlayer VS NeuralRandPlayer,,,,,,NeuralRefinedPlayer VS NeuralRandPlayer,,,,,,,NeuralNetworkRefined,323.3,101.8,314.7,60.2,40.4125
Win,Lose,Bust,Draw,,,Win,Lose,Bust,Draw,,,Win,Lose,Bust,Draw,,,Win,Lose,Bust,Draw,,,Win,Lose,Bust,Draw,,,Win,Lose,Bust,Draw,,,Win,Lose,Bust,Draw,,,Win,Lose,Bust,Draw,,,Win,Lose,Bust,Draw,,,Win,Lose,Bust,Draw,,,,DecisionTreeRandom,353.7,145.5,236,64.8,44.2125
43,9,40,8,,,43,14,41,2,,,33,16,40,11,,,46,13,34,7,,,41,11,40,8,,,31,14,51,4,,,30,20,42,8,,,31,17,44,8,,,43,24,28,5,,,36,13,44,7,,,,DecisionTreeRuleBased,350,146.4,234.3,69.3,43.75
NeuralRefinedPlayer VS NeuralRulePlayer,,,,,,NeuralRefinedPlayer VS NeuralRulePlayer,,,,,,NeuralRefinedPlayer VS NeuralRulePlayer,,,,,,NeuralRefinedPlayer VS NeuralRulePlayer,,,,,,NeuralRefinedPlayer VS NeuralRulePlayer,,,,,,NeuralRefinedPlayer VS NeuralRulePlayer,,,,,,NeuralRefinedPlayer VS NeuralRulePlayer,,,,,,NeuralRefinedPlayer VS NeuralRulePlayer,,,,,,NeuralRefinedPlayer VS NeuralRulePlayer,,,,,,NeuralRefinedPlayer VS NeuralRulePlayer,,,,,,,DecisionTreeRefined,362.7,204.7,168.3,64.3,45.3375
Win,Lose,Bust,Draw,,,Win,Lose,Bust,Draw,,,Win,Lose,Bust,Draw,,,Win,Lose,Bust,Draw,,,Win,Lose,Bust,Draw,,,Win,Lose,Bust,Draw,,,Win,Lose,Bust,Draw,,,Win,Lose,Bust,Draw,,,Win,Lose,Bust,Draw,,,Win,Lose,Bust,Draw,,,,,,,,,
40,14,39,7,,,47,10,31,12,,,37,14,35,14,,,34,18,41,7,,,45,12,36,7,,,37,19,36,8,,,40,14,41,5,,,42,14,32,12,,,40,12,41,7,,,40,14,41,5,,,,,,,,,
NeuralRefinedPlayer VS NeuralRefinedPlayer,,,,,,NeuralRefinedPlayer VS NeuralRefinedPlayer,,,,,,NeuralRefinedPlayer VS NeuralRefinedPlayer,,,,,,NeuralRefinedPlayer VS NeuralRefinedPlayer,,,,,,NeuralRefinedPlayer VS NeuralRefinedPlayer,,,,,,NeuralRefinedPlayer VS NeuralRefinedPlayer,,,,,,NeuralRefinedPlayer VS NeuralRefinedPlayer,,,,,,NeuralRefinedPlayer VS NeuralRefinedPlayer,,,,,,NeuralRefinedPlayer VS NeuralRefinedPlayer,,,,,,NeuralRefinedPlayer VS NeuralRefinedPlayer,,,,,,,,,,,,
Win,Lose,Bust,Draw,,,Win,Lose,Bust,Draw,,,Win,Lose,Bust,Draw,,,Win,Lose,Bust,Draw,,,Win,Lose,Bust,Draw,,,Win,Lose,Bust,Draw,,,Win,Lose,Bust,Draw,,,Win,Lose,Bust,Draw,,,Win,Lose,Bust,Draw,,,Win,Lose,Bust,Draw,,,,,,,,,
45,8,41,6,,,42,17,34,7,,,39,13,37,11,,,37,13,42,8,,,43,11,38,8,,,40,10,45,5,,,45,12,34,9,,,45,12,36,7,,,31,13,50,6,,,34,13,36,17,,,,,,,,,
NeuralRefinedPlayer VS DecisionRandPlayer,,,,,,NeuralRefinedPlayer VS DecisionRandPlayer,,,,,,NeuralRefinedPlayer VS DecisionRandPlayer,,,,,,NeuralRefinedPlayer VS DecisionRandPlayer,,,,,,NeuralRefinedPlayer VS DecisionRandPlayer,,,,,,NeuralRefinedPlayer VS DecisionRandPlayer,,,,,,NeuralRefinedPlayer VS DecisionRandPlayer,,,,,,NeuralRefinedPlayer VS DecisionRandPlayer,,,,,,NeuralRefinedPlayer VS DecisionRandPlayer,,,,,,NeuralRefinedPlayer VS DecisionRandPlayer,,,,,,,,,,,,
Win,Lose,Bust,Draw,,,Win,Lose,Bust,Draw,,,Win,Lose,Bust,Draw,,,Win,Lose,Bust,Draw,,,Win,Lose,Bust,Draw,,,Win,Lose,Bust,Draw,,,Win,Lose,Bust,Draw,,,Win,Lose,Bust,Draw,,,Win,Lose,Bust,Draw,,,Win,Lose,Bust,Draw,,,,,,,,,
36,13,41,10,,,36,20,39,5,,,44,11,38,7,,,39,12,40,9,,,42,17,33,8,,,36,23,34,7,,,38,16,39,7,,,48,13,34,5,,,42,14,35,9,,,36,16,39,9,,,,,,,,,
NeuralRefinedPlayer VS DecisionRulePlayer,,,,,,NeuralRefinedPlayer VS DecisionRulePlayer,,,,,,NeuralRefinedPlayer VS DecisionRulePlayer,,,,,,NeuralRefinedPlayer VS DecisionRulePlayer,,,,,,NeuralRefinedPlayer VS DecisionRulePlayer,,,,,,NeuralRefinedPlayer VS DecisionRulePlayer,,,,,,NeuralRefinedPlayer VS DecisionRulePlayer,,,,,,NeuralRefinedPlayer VS DecisionRulePlayer,,,,,,NeuralRefinedPlayer VS DecisionRulePlayer,,,,,,NeuralRefinedPlayer VS DecisionRulePlayer,,,,,,,,,,,,
Win,Lose,Bust,Draw,,,Win,Lose,Bust,Draw,,,Win,Lose,Bust,Draw,,,Win,Lose,Bust,Draw,,,Win,Lose,Bust,Draw,,,Win,Lose,Bust,Draw,,,Win,Lose,Bust,Draw,,,Win,Lose,Bust,Draw,,,Win,Lose,Bust,Draw,,,Win,Lose,Bust,Draw,,,,,,,,,
33,16,47,4,,,29,17,46,8,,,43,14,36,7,,,36,13,41,10,,,42,11,34,13,,,39,12,42,7,,,41,12,35,12,,,41,7,46,6,,,43,10,39,8,,,32,26,35,7,,,,,,,,,
NeuralRefinedPlayer VS DecisionRefinedPlayer,,,,,,NeuralRefinedPlayer VS DecisionRefinedPlayer,,,,,,NeuralRefinedPlayer VS DecisionRefinedPlayer,,,,,,NeuralRefinedPlayer VS DecisionRefinedPlayer,,,,,,NeuralRefinedPlayer VS DecisionRefinedPlayer,,,,,,NeuralRefinedPlayer VS DecisionRefinedPlayer,,,,,,NeuralRefinedPlayer VS DecisionRefinedPlayer,,,,,,NeuralRefinedPlayer VS DecisionRefinedPlayer,,,,,,NeuralRefinedPlayer VS DecisionRefinedPlayer,,,,,,NeuralRefinedPlayer VS DecisionRefinedPlayer,,,,,,,,,,,,
Win,Lose,Bust,Draw,,,Win,Lose,Bust,Draw,,,Win,Lose,Bust,Draw,,,Win,Lose,Bust,Draw,,,Win,Lose,Bust,Draw,,,Win,Lose,Bust,Draw,,,Win,Lose,Bust,Draw,,,Win,Lose,Bust,Draw,,,Win,Lose,Bust,Draw,,,Win,Lose,Bust,Draw,,,,,,,,,
50,15,28,7,,,39,8,43,10,,,45,15,35,5,,,36,10,45,9,,,46,9,32,13,,,42,11,40,7,,,46,13,31,10,,,34,9,46,11,,,44,12,36,8,,,37,10,50,3,,,,,,,,,
,,,,,,,,,,,,,,,,,,,,,,,,,,,,,,,,,,,,,,,,,,,,,,,,,,,,,,,,,,,,,,,,,,
,,,,,,,,,,,,,,,,,,,,,,,,,,,,,,,,,,,,,,,,,,,,,,,,,,,,,,,,,,,,,,,,,,
DecisionRandPlayer VS RandPlayer,,,,,,DecisionRandPlayer VS RandPlayer,,,,,,DecisionRandPlayer VS RandPlayer,,,,,,DecisionRandPlayer VS RandPlayer,,,,,,DecisionRandPlayer VS RandPlayer,,,,,,DecisionRandPlayer VS RandPlayer,,,,,,DecisionRandPlayer VS RandPlayer,,,,,,DecisionRandPlayer VS RandPlayer,,,,,,DecisionRandPlayer VS RandPlayer,,,,,,DecisionRandPlayer VS RandPlayer,,,,,,,,,,,,
Win,Lose,Bust,Draw,,,Win,Lose,Bust,Draw,,,Win,Lose,Bust,Draw,,,Win,Lose,Bust,Draw,,,Win,Lose,Bust,Draw,,,Win,Lose,Bust,Draw,,,Win,Lose,Bust,Draw,,,Win,Lose,Bust,Draw,,,Win,Lose,Bust,Draw,,,Win,Lose,Bust,Draw,,,,,,,,,
62,12,22,4,,,55,8,36,1,,,56,6,36,2,,,60,10,28,2,,,49,14,32,5,,,53,11,29,7,,,56,6,33,5,,,54,9,33,4,,,59,11,25,5,,,64,6,26,4,,,,,,,,,
DecisionRandPlayer VS RulePlayer,,,,,,DecisionRandPlayer VS RulePlayer,,,,,,DecisionRandPlayer VS RulePlayer,,,,,,DecisionRandPlayer VS RulePlayer,,,,,,DecisionRandPlayer VS RulePlayer,,,,,,DecisionRandPlayer VS RulePlayer,,,,,,DecisionRandPlayer VS RulePlayer,,,,,,DecisionRandPlayer VS RulePlayer,,,,,,DecisionRandPlayer VS RulePlayer,,,,,,DecisionRandPlayer VS RulePlayer,,,,,,,,,,,,
Win,Lose,Bust,Draw,,,Win,Lose,Bust,Draw,,,Win,Lose,Bust,Draw,,,Win,Lose,Bust,Draw,,,Win,Lose,Bust,Draw,,,Win,Lose,Bust,Draw,,,Win,Lose,Bust,Draw,,,Win,Lose,Bust,Draw,,,Win,Lose,Bust,Draw,,,Win,Lose,Bust,Draw,,,,,,,,,
39,19,27,15,,,39,16,31,14,,,38,23,29,10,,,38,24,30,8,,,48,17,27,8,,,37,19,31,13,,,43,26,23,8,,,34,23,35,8,,,42,23,29,6,,,45,15,32,8,,,,,,,,,
DecisionRandPlayer VS NeuralRandPlayer,,,,,,DecisionRandPlayer VS NeuralRandPlayer,,,,,,DecisionRandPlayer VS NeuralRandPlayer,,,,,,DecisionRandPlayer VS NeuralRandPlayer,,,,,,DecisionRandPlayer VS NeuralRandPlayer,,,,,,DecisionRandPlayer VS NeuralRandPlayer,,,,,,DecisionRandPlayer VS NeuralRandPlayer,,,,,,DecisionRandPlayer VS NeuralRandPlayer,,,,,,DecisionRandPlayer VS NeuralRandPlayer,,,,,,DecisionRandPlayer VS NeuralRandPlayer,,,,,,,,,,,,
Win,Lose,Bust,Draw,,,Win,Lose,Bust,Draw,,,Win,Lose,Bust,Draw,,,Win,Lose,Bust,Draw,,,Win,Lose,Bust,Draw,,,Win,Lose,Bust,Draw,,,Win,Lose,Bust,Draw,,,Win,Lose,Bust,Draw,,,Win,Lose,Bust,Draw,,,Win,Lose,Bust,Draw,,,,,,,,,
36,21,31,12,,,40,20,26,14,,,38,21,28,13,,,46,19,28,7,,,45,19,27,9,,,48,24,22,6,,,41,18,34,7,,,39,14,36,11,,,42,17,27,14,,,37,24,32,7,,,,,,,,,
DecisionRandPlayer VS NeuralRulePlayer,,,,,,DecisionRandPlayer VS NeuralRulePlayer,,,,,,DecisionRandPlayer VS NeuralRulePlayer,,,,,,DecisionRandPlayer VS NeuralRulePlayer,,,,,,DecisionRandPlayer VS NeuralRulePlayer,,,,,,DecisionRandPlayer VS NeuralRulePlayer,,,,,,DecisionRandPlayer VS NeuralRulePlayer,,,,,,DecisionRandPlayer VS NeuralRulePlayer,,,,,,DecisionRandPlayer VS NeuralRulePlayer,,,,,,DecisionRandPlayer VS NeuralRulePlayer,,,,,,,,,,,,
Win,Lose,Bust,Draw,,,Win,Lose,Bust,Draw,,,Win,Lose,Bust,Draw,,,Win,Lose,Bust,Draw,,,Win,Lose,Bust,Draw,,,Win,Lose,Bust,Draw,,,Win,Lose,Bust,Draw,,,Win,Lose,Bust,Draw,,,Win,Lose,Bust,Draw,,,Win,Lose,Bust,Draw,,,,,,,,,
37,23,33,7,,,40,29,26,5,,,44,18,27,11,,,39,18,32,11,,,35,21,36,8,,,44,19,26,11,,,41,22,32,5,,,32,23,38,7,,,41,16,35,8,,,45,14,30,11,,,,,,,,,
DecisionRandPlayer VS NeuralRefinedPlayer,,,,,,DecisionRandPlayer VS NeuralRefinedPlayer,,,,,,DecisionRandPlayer VS NeuralRefinedPlayer,,,,,,DecisionRandPlayer VS NeuralRefinedPlayer,,,,,,DecisionRandPlayer VS NeuralRefinedPlayer,,,,,,DecisionRandPlayer VS NeuralRefinedPlayer,,,,,,DecisionRandPlayer VS NeuralRefinedPlayer,,,,,,DecisionRandPlayer VS NeuralRefinedPlayer,,,,,,DecisionRandPlayer VS NeuralRefinedPlayer,,,,,,DecisionRandPlayer VS NeuralRefinedPlayer,,,,,,,,,,,,
Win,Lose,Bust,Draw,,,Win,Lose,Bust,Draw,,,Win,Lose,Bust,Draw,,,Win,Lose,Bust,Draw,,,Win,Lose,Bust,Draw,,,Win,Lose,Bust,Draw,,,Win,Lose,Bust,Draw,,,Win,Lose,Bust,Draw,,,Win,Lose,Bust,Draw,,,Win,Lose,Bust,Draw,,,,,,,,,
50,13,30,7,,,54,17,26,3,,,48,14,36,2,,,52,19,24,5,,,43,20,29,8,,,38,15,36,11,,,49,16,27,8,,,42,23,25,10,,,42,15,39,4,,,48,17,26,9,,,,,,,,,
DecisionRandPlayer VS DecisionRandPlayer,,,,,,DecisionRandPlayer VS DecisionRandPlayer,,,,,,DecisionRandPlayer VS DecisionRandPlayer,,,,,,DecisionRandPlayer VS DecisionRandPlayer,,,,,,DecisionRandPlayer VS DecisionRandPlayer,,,,,,DecisionRandPlayer VS DecisionRandPlayer,,,,,,DecisionRandPlayer VS DecisionRandPlayer,,,,,,DecisionRandPlayer VS DecisionRandPlayer,,,,,,DecisionRandPlayer VS DecisionRandPlayer,,,,,,DecisionRandPlayer VS DecisionRandPlayer,,,,,,,,,,,,
Win,Lose,Bust,Draw,,,Win,Lose,Bust,Draw,,,Win,Lose,Bust,Draw,,,Win,Lose,Bust,Draw,,,Win,Lose,Bust,Draw,,,Win,Lose,Bust,Draw,,,Win,Lose,Bust,Draw,,,Win,Lose,Bust,Draw,,,Win,Lose,Bust,Draw,,,Win,Lose,Bust,Draw,,,,,,,,,
43,15,34,8,,,42,18,28,12,,,39,16,38,7,,,41,27,24,8,,,34,20,37,9,,,47,20,27,6,,,39,15,30,16,,,40,19,34,7,,,39,14,35,12,,,39,24,22,15,,,,,,,,,
DecisionRandPlayer VS DecisionRulePlayer,,,,,,DecisionRandPlayer VS DecisionRulePlayer,,,,,,DecisionRandPlayer VS DecisionRulePlayer,,,,,,DecisionRandPlayer VS DecisionRulePlayer,,,,,,DecisionRandPlayer VS DecisionRulePlayer,,,,,,DecisionRandPlayer VS DecisionRulePlayer,,,,,,DecisionRandPlayer VS DecisionRulePlayer,,,,,,DecisionRandPlayer VS DecisionRulePlayer,,,,,,DecisionRandPlayer VS DecisionRulePlayer,,,,,,DecisionRandPlayer VS DecisionRulePlayer,,,,,,,,,,,,
Win,Lose,Bust,Draw,,,Win,Lose,Bust,Draw,,,Win,Lose,Bust,Draw,,,Win,Lose,Bust,Draw,,,Win,Lose,Bust,Draw,,,Win,Lose,Bust,Draw,,,Win,Lose,Bust,Draw,,,Win,Lose,Bust,Draw,,,Win,Lose,Bust,Draw,,,Win,Lose,Bust,Draw,,,,,,,,,
35,23,33,9,,,45,23,26,6,,,44,19,29,8,,,43,21,26,10,,,36,26,26,12,,,44,17,36,3,,,46,24,20,10,,,48,17,29,6,,,49,20,26,5,,,41,18,33,8,,,,,,,,,
DecisionRandPlayer VS DecisionRefinedPlayer,,,,,,DecisionRandPlayer VS DecisionRefinedPlayer,,,,,,DecisionRandPlayer VS DecisionRefinedPlayer,,,,,,DecisionRandPlayer VS DecisionRefinedPlayer,,,,,,DecisionRandPlayer VS DecisionRefinedPlayer,,,,,,DecisionRandPlayer VS DecisionRefinedPlayer,,,,,,DecisionRandPlayer VS DecisionRefinedPlayer,,,,,,DecisionRandPlayer VS DecisionRefinedPlayer,,,,,,DecisionRandPlayer VS DecisionRefinedPlayer,,,,,,DecisionRandPlayer VS DecisionRefinedPlayer,,,,,,,,,,,,
Win,Lose,Bust,Draw,,,Win,Lose,Bust,Draw,,,Win,Lose,Bust,Draw,,,Win,Lose,Bust,Draw,,,Win,Lose,Bust,Draw,,,Win,Lose,Bust,Draw,,,Win,Lose,Bust,Draw,,,Win,Lose,Bust,Draw,,,Win,Lose,Bust,Draw,,,Win,Lose,Bust,Draw,,,,,,,,,
39,14,35,12,,,47,21,21,11,,,46,26,17,11,,,38,16,41,5,,,51,20,22,7,,,53,19,18,10,,,42,21,30,7,,,40,21,34,5,,,51,16,24,9,,,49,18,27,6,,,,,,,,,
,,,,,,,,,,,,,,,,,,,,,,,,,,,,,,,,,,,,,,,,,,,,,,,,,,,,,,,,,,,,,,,,,,
,,,,,,,,,,,,,,,,,,,,,,,,,,,,,,,,,,,,,,,,,,,,,,,,,,,,,,,,,,,,,,,,,,
DecisionRulePlayer VS RandPlayer,,,,,,DecisionRulePlayer VS RandPlayer,,,,,,DecisionRulePlayer VS RandPlayer,,,,,,DecisionRulePlayer VS RandPlayer,,,,,,DecisionRulePlayer VS RandPlayer,,,,,,DecisionRulePlayer VS RandPlayer,,,,,,DecisionRulePlayer VS RandPlayer,,,,,,DecisionRulePlayer VS RandPlayer,,,,,,DecisionRulePlayer VS RandPlayer,,,,,,DecisionRulePlayer VS RandPlayer,,,,,,,,,,,,
Win,Lose,Bust,Draw,,,Win,Lose,Bust,Draw,,,Win,Lose,Bust,Draw,,,Win,Lose,Bust,Draw,,,Win,Lose,Bust,Draw,,,Win,Lose,Bust,Draw,,,Win,Lose,Bust,Draw,,,Win,Lose,Bust,Draw,,,Win,Lose,Bust,Draw,,,Win,Lose,Bust,Draw,,,,,,,,,
52,13,32,3,,,59,11,27,3,,,59,9,28,4,,,52,9,34,5,,,58,2,38,2,,,60,8,30,2,,,60,7,31,2,,,55,7,31,7,,,59,4,36,1,,,59,9,30,2,,,,,,,,,
DecisionRulePlayer VS RulePlayer,,,,,,DecisionRulePlayer VS RulePlayer,,,,,,DecisionRulePlayer VS RulePlayer,,,,,,DecisionRulePlayer VS RulePlayer,,,,,,DecisionRulePlayer VS RulePlayer,,,,,,DecisionRulePlayer VS RulePlayer,,,,,,DecisionRulePlayer VS RulePlayer,,,,,,DecisionRulePlayer VS RulePlayer,,,,,,DecisionRulePlayer VS RulePlayer,,,,,,DecisionRulePlayer VS RulePlayer,,,,,,,,,,,,
Win,Lose,Bust,Draw,,,Win,Lose,Bust,Draw,,,Win,Lose,Bust,Draw,,,Win,Lose,Bust,Draw,,,Win,Lose,Bust,Draw,,,Win,Lose,Bust,Draw,,,Win,Lose,Bust,Draw,,,Win,Lose,Bust,Draw,,,Win,Lose,Bust,Draw,,,Win,Lose,Bust,Draw,,,,,,,,,
41,22,29,8,,,50,19,25,6,,,40,19,27,14,,,42,23,26,9,,,49,20,25,6,,,43,17,30,10,,,37,25,27,11,,,34,28,28,10,,,37,15,41,7,,,34,14,37,15,,,,,,,,,
DecisionRulePlayer VS NeuralRandPlayer,,,,,,DecisionRulePlayer VS NeuralRandPlayer,,,,,,DecisionRulePlayer VS NeuralRandPlayer,,,,,,DecisionRulePlayer VS NeuralRandPlayer,,,,,,DecisionRulePlayer VS NeuralRandPlayer,,,,,,DecisionRulePlayer VS NeuralRandPlayer,,,,,,DecisionRulePlayer VS NeuralRandPlayer,,,,,,DecisionRulePlayer VS NeuralRandPlayer,,,,,,DecisionRulePlayer VS NeuralRandPlayer,,,,,,DecisionRulePlayer VS NeuralRandPlayer,,,,,,,,,,,,
Win,Lose,Bust,Draw,,,Win,Lose,Bust,Draw,,,Win,Lose,Bust,Draw,,,Win,Lose,Bust,Draw,,,Win,Lose,Bust,Draw,,,Win,Lose,Bust,Draw,,,Win,Lose,Bust,Draw,,,Win,Lose,Bust,Draw,,,Win,Lose,Bust,Draw,,,Win,Lose,Bust,Draw,,,,,,,,,
39,20,29,12,,,44,20,26,10,,,36,24,32,8,,,35,24,33,8,,,44,16,30,10,,,42,20,30,8,,,42,20,31,7,,,44,22,24,10,,,49,17,21,13,,,49,15,24,12,,,,,,,,,
DecisionRulePlayer VS NeuralRulePlayer,,,,,,DecisionRulePlayer VS NeuralRulePlayer,,,,,,DecisionRulePlayer VS NeuralRulePlayer,,,,,,DecisionRulePlayer VS NeuralRulePlayer,,,,,,DecisionRulePlayer VS NeuralRulePlayer,,,,,,DecisionRulePlayer VS NeuralRulePlayer,,,,,,DecisionRulePlayer VS NeuralRulePlayer,,,,,,DecisionRulePlayer VS NeuralRulePlayer,,,,,,DecisionRulePlayer VS NeuralRulePlayer,,,,,,DecisionRulePlayer VS NeuralRulePlayer,,,,,,,,,,,,
Win,Lose,Bust,Draw,,,Win,Lose,Bust,Draw,,,Win,Lose,Bust,Draw,,,Win,Lose,Bust,Draw,,,Win,Lose,Bust,Draw,,,Win,Lose,Bust,Draw,,,Win,Lose,Bust,Draw,,,Win,Lose,Bust,Draw,,,Win,Lose,Bust,Draw,,,Win,Lose,Bust,Draw,,,,,,,,,
33,26,33,8,,,43,22,22,13,,,38,18,32,12,,,36,21,30,13,,,40,22,30,8,,,41,23,24,12,,,39,16,32,13,,,45,15,27,13,,,47,18,22,13,,,46,21,25,8,,,,,,,,,
DecisionRulePlayer VS NeuralRefinedPlayer,,,,,,DecisionRulePlayer VS NeuralRefinedPlayer,,,,,,DecisionRulePlayer VS NeuralRefinedPlayer,,,,,,DecisionRulePlayer VS NeuralRefinedPlayer,,,,,,DecisionRulePlayer VS NeuralRefinedPlayer,,,,,,DecisionRulePlayer VS NeuralRefinedPlayer,,,,,,DecisionRulePlayer VS NeuralRefinedPlayer,,,,,,DecisionRulePlayer VS NeuralRefinedPlayer,,,,,,DecisionRulePlayer VS NeuralRefinedPlayer,,,,,,DecisionRulePlayer VS NeuralRefinedPlayer,,,,,,,,,,,,
Win,Lose,Bust,Draw,,,Win,Lose,Bust,Draw,,,Win,Lose,Bust,Draw,,,Win,Lose,Bust,Draw,,,Win,Lose,Bust,Draw,,,Win,Lose,Bust,Draw,,,Win,Lose,Bust,Draw,,,Win,Lose,Bust,Draw,,,Win,Lose,Bust,Draw,,,Win,Lose,Bust,Draw,,,,,,,,,
47,22,21,10,,,45,19,32,4,,,41,22,29,8,,,35,24,32,9,,,55,16,20,9,,,45,15,31,9,,,31,34,32,3,,,45,22,23,10,,,43,18,26,13,,,45,16,35,4,,,,,,,,,
DecisionRulePlayer VS DecisionRandPlayer,,,,,,DecisionRulePlayer VS DecisionRandPlayer,,,,,,DecisionRulePlayer VS DecisionRandPlayer,,,,,,DecisionRulePlayer VS DecisionRandPlayer,,,,,,DecisionRulePlayer VS DecisionRandPlayer,,,,,,DecisionRulePlayer VS DecisionRandPlayer,,,,,,DecisionRulePlayer VS DecisionRandPlayer,,,,,,DecisionRulePlayer VS DecisionRandPlayer,,,,,,DecisionRulePlayer VS DecisionRandPlayer,,,,,,DecisionRulePlayer VS DecisionRandPlayer,,,,,,,,,,,,
Win,Lose,Bust,Draw,,,Win,Lose,Bust,Draw,,,Win,Lose,Bust,Draw,,,Win,Lose,Bust,Draw,,,Win,Lose,Bust,Draw,,,Win,Lose,Bust,Draw,,,Win,Lose,Bust,Draw,,,Win,Lose,Bust,Draw,,,Win,Lose,Bust,Draw,,,Win,Lose,Bust,Draw,,,,,,,,,
36,21,30,13,,,49,14,29,8,,,46,17,30,7,,,44,12,35,9,,,36,16,36,12,,,47,18,29,6,,,40,24,27,9,,,32,22,40,6,,,44,16,28,12,,,51,16,28,5,,,,,,,,,
DecisionRulePlayer VS DecisionRulePlayer,,,,,,DecisionRulePlayer VS DecisionRulePlayer,,,,,,DecisionRulePlayer VS DecisionRulePlayer,,,,,,DecisionRulePlayer VS DecisionRulePlayer,,,,,,DecisionRulePlayer VS DecisionRulePlayer,,,,,,DecisionRulePlayer VS DecisionRulePlayer,,,,,,DecisionRulePlayer VS DecisionRulePlayer,,,,,,DecisionRulePlayer VS DecisionRulePlayer,,,,,,DecisionRulePlayer VS DecisionRulePlayer,,,,,,DecisionRulePlayer VS DecisionRulePlayer,,,,,,,,,,,,
Win,Lose,Bust,Draw,,,Win,Lose,Bust,Draw,,,Win,Lose,Bust,Draw,,,Win,Lose,Bust,Draw,,,Win,Lose,Bust,Draw,,,Win,Lose,Bust,Draw,,,Win,Lose,Bust,Draw,,,Win,Lose,Bust,Draw,,,Win,Lose,Bust,Draw,,,Win,Lose,Bust,Draw,,,,,,,,,
39,18,34,9,,,37,21,29,13,,,48,15,29,8,,,36,22,31,11,,,42,22,20,16,,,39,21,35,5,,,36,22,33,9,,,46,20,23,11,,,36,22,34,8,,,41,22,25,12,,,,,,,,,
DecisionRulePlayer VS DecisionRefinedPlayer,,,,,,DecisionRulePlayer VS DecisionRefinedPlayer,,,,,,DecisionRulePlayer VS DecisionRefinedPlayer,,,,,,DecisionRulePlayer VS DecisionRefinedPlayer,,,,,,DecisionRulePlayer VS DecisionRefinedPlayer,,,,,,DecisionRulePlayer VS DecisionRefinedPlayer,,,,,,DecisionRulePlayer VS DecisionRefinedPlayer,,,,,,DecisionRulePlayer VS DecisionRefinedPlayer,,,,,,DecisionRulePlayer VS DecisionRefinedPlayer,,,,,,DecisionRulePlayer VS DecisionRefinedPlayer,,,,,,,,,,,,
Win,Lose,Bust,Draw,,,Win,Lose,Bust,Draw,,,Win,Lose,Bust,Draw,,,Win,Lose,Bust,Draw,,,Win,Lose,Bust,Draw,,,Win,Lose,Bust,Draw,,,Win,Lose,Bust,Draw,,,Win,Lose,Bust,Draw,,,Win,Lose,Bust,Draw,,,Win,Lose,Bust,Draw,,,,,,,,,
50,17,24,9,,,56,13,25,6,,,35,22,33,10,,,41,21,30,8,,,43,21,28,8,,,38,17,37,8,,,35,25,29,11,,,44,19,28,9,,,50,17,23,10,,,39,22,31,8,,,,,,,,,
,,,,,,,,,,,,,,,,,,,,,,,,,,,,,,,,,,,,,,,,,,,,,,,,,,,,,,,,,,,,,,,,,,
,,,,,,,,,,,,,,,,,,,,,,,,,,,,,,,,,,,,,,,,,,,,,,,,,,,,,,,,,,,,,,,,,,
DecisionRefinedPlayer VS RandPlayer,,,,,,DecisionRefinedPlayer VS RandPlayer,,,,,,DecisionRefinedPlayer VS RandPlayer,,,,,,DecisionRefinedPlayer VS RandPlayer,,,,,,DecisionRefinedPlayer VS RandPlayer,,,,,,DecisionRefinedPlayer VS RandPlayer,,,,,,DecisionRefinedPlayer VS RandPlayer,,,,,,DecisionRefinedPlayer VS RandPlayer,,,,,,DecisionRefinedPlayer VS RandPlayer,,,,,,DecisionRefinedPlayer VS RandPlayer,,,,,,,,,,,,
Win,Lose,Bust,Draw,,,Win,Lose,Bust,Draw,,,Win,Lose,Bust,Draw,,,Win,Lose,Bust,Draw,,,Win,Lose,Bust,Draw,,,Win,Lose,Bust,Draw,,,Win,Lose,Bust,Draw,,,Win,Lose,Bust,Draw,,,Win,Lose,Bust,Draw,,,Win,Lose,Bust,Draw,,,,,,,,,
66,10,20,4,,,59,12,24,5,,,60,9,26,5,,,53,23,19,5,,,66,10,22,2,,,63,11,21,5,,,56,15,22,7,,,62,8,26,4,,,60,14,21,5,,,59,20,20,1,,,,,,,,,
DecisionRefinedPlayer VS RulePlayer,,,,,,DecisionRefinedPlayer VS RulePlayer,,,,,,DecisionRefinedPlayer VS RulePlayer,,,,,,DecisionRefinedPlayer VS RulePlayer,,,,,,DecisionRefinedPlayer VS RulePlayer,,,,,,DecisionRefinedPlayer VS RulePlayer,,,,,,DecisionRefinedPlayer VS RulePlayer,,,,,,DecisionRefinedPlayer VS RulePlayer,,,,,,DecisionRefinedPlayer VS RulePlayer,,,,,,DecisionRefinedPlayer VS RulePlayer,,,,,,,,,,,,
Win,Lose,Bust,Draw,,,Win,Lose,Bust,Draw,,,Win,Lose,Bust,Draw,,,Win,Lose,Bust,Draw,,,Win,Lose,Bust,Draw,,,Win,Lose,Bust,Draw,,,Win,Lose,Bust,Draw,,,Win,Lose,Bust,Draw,,,Win,Lose,Bust,Draw,,,Win,Lose,Bust,Draw,,,,,,,,,
52,25,15,8,,,48,24,20,8,,,47,23,23,7,,,46,31,16,7,,,41,31,18,10,,,41,31,19,9,,,42,32,16,10,,,45,27,24,4,,,44,30,18,8,,,42,26,25,7,,,,,,,,,
DecisionRefinedPlayer VS NeuralRandPlayer,,,,,,DecisionRefinedPlayer VS NeuralRandPlayer,,,,,,DecisionRefinedPlayer VS NeuralRandPlayer,,,,,,DecisionRefinedPlayer VS NeuralRandPlayer,,,,,,DecisionRefinedPlayer VS NeuralRandPlayer,,,,,,DecisionRefinedPlayer VS NeuralRandPlayer,,,,,,DecisionRefinedPlayer VS NeuralRandPlayer,,,,,,DecisionRefinedPlayer VS NeuralRandPlayer,,,,,,DecisionRefinedPlayer VS NeuralRandPlayer,,,,,,DecisionRefinedPlayer VS NeuralRandPlayer,,,,,,,,,,,,
Win,Lose,Bust,Draw,,,Win,Lose,Bust,Draw,,,Win,Lose,Bust,Draw,,,Win,Lose,Bust,Draw,,,Win,Lose,Bust,Draw,,,Win,Lose,Bust,Draw,,,Win,Lose,Bust,Draw,,,Win,Lose,Bust,Draw,,,Win,Lose,Bust,Draw,,,Win,Lose,Bust,Draw,,,,,,,,,
40,30,25,5,,,37,28,28,7,,,44,25,21,10,,,46,26,21,7,,,39,26,22,13,,,30,38,22,10,,,42,32,18,8,,,30,29,29,12,,,48,28,14,10,,,46,25,15,14,,,,,,,,,
DecisionRefinedPlayer VS NeuralRulePlayer,,,,,,DecisionRefinedPlayer VS NeuralRulePlayer,,,,,,DecisionRefinedPlayer VS NeuralRulePlayer,,,,,,DecisionRefinedPlayer VS NeuralRulePlayer,,,,,,DecisionRefinedPlayer VS NeuralRulePlayer,,,,,,DecisionRefinedPlayer VS NeuralRulePlayer,,,,,,DecisionRefinedPlayer VS NeuralRulePlayer,,,,,,DecisionRefinedPlayer VS NeuralRulePlayer,,,,,,DecisionRefinedPlayer VS NeuralRulePlayer,,,,,,DecisionRefinedPlayer VS NeuralRulePlayer,,,,,,,,,,,,
Win,Lose,Bust,Draw,,,Win,Lose,Bust,Draw,,,Win,Lose,Bust,Draw,,,Win,Lose,Bust,Draw,,,Win,Lose,Bust,Draw,,,Win,Lose,Bust,Draw,,,Win,Lose,Bust,Draw,,,Win,Lose,Bust,Draw,,,Win,Lose,Bust,Draw,,,Win,Lose,Bust,Draw,,,,,,,,,
37,39,15,9,,,47,21,26,6,,,48,28,19,5,,,45,22,25,8,,,41,30,19,10,,,41,30,21,8,,,36,32,22,10,,,40,31,22,7,,,49,25,20,6,,,45,25,22,8,,,,,,,,,
DecisionRefinedPlayer VS NeuralRefinedPlayer,,,,,,DecisionRefinedPlayer VS NeuralRefinedPlayer,,,,,,DecisionRefinedPlayer VS NeuralRefinedPlayer,,,,,,DecisionRefinedPlayer VS NeuralRefinedPlayer,,,,,,DecisionRefinedPlayer VS NeuralRefinedPlayer,,,,,,DecisionRefinedPlayer VS NeuralRefinedPlayer,,,,,,DecisionRefinedPlayer VS NeuralRefinedPlayer,,,,,,DecisionRefinedPlayer VS NeuralRefinedPlayer,,,,,,DecisionRefinedPlayer VS NeuralRefinedPlayer,,,,,,DecisionRefinedPlayer VS NeuralRefinedPlayer,,,,,,,,,,,,
Win,Lose,Bust,Draw,,,Win,Lose,Bust,Draw,,,Win,Lose,Bust,Draw,,,Win,Lose,Bust,Draw,,,Win,Lose,Bust,Draw,,,Win,Lose,Bust,Draw,,,Win,Lose,Bust,Draw,,,Win,Lose,Bust,Draw,,,Win,Lose,Bust,Draw,,,Win,Lose,Bust,Draw,,,,,,,,,
35,31,25,9,,,41,27,24,8,,,40,27,23,10,,,50,23,19,8,,,45,23,24,8,,,41,25,27,7,,,45,23,22,10,,,47,24,24,5,,,53,22,19,6,,,52,20,22,6,,,,,,,,,
DecisionRefinedPlayer VS DecisionRandPlayer,,,,,,DecisionRefinedPlayer VS DecisionRandPlayer,,,,,,DecisionRefinedPlayer VS DecisionRandPlayer,,,,,,DecisionRefinedPlayer VS DecisionRandPlayer,,,,,,DecisionRefinedPlayer VS DecisionRandPlayer,,,,,,DecisionRefinedPlayer VS DecisionRandPlayer,,,,,,DecisionRefinedPlayer VS DecisionRandPlayer,,,,,,DecisionRefinedPlayer VS DecisionRandPlayer,,,,,,DecisionRefinedPlayer VS DecisionRandPlayer,,,,,,DecisionRefinedPlayer VS DecisionRandPlayer,,,,,,,,,,,,
Win,Lose,Bust,Draw,,,Win,Lose,Bust,Draw,,,Win,Lose,Bust,Draw,,,Win,Lose,Bust,Draw,,,Win,Lose,Bust,Draw,,,Win,Lose,Bust,Draw,,,Win,Lose,Bust,Draw,,,Win,Lose,Bust,Draw,,,Win,Lose,Bust,Draw,,,Win,Lose,Bust,Draw,,,,,,,,,
29,34,24,13,,,38,34,18,10,,,42,31,18,9,,,43,30,23,4,,,40,30,21,9,,,50,26,19,5,,,42,22,21,15,,,39,26,17,18,,,41,27,21,11,,,47,25,20,8,,,,,,,,,
DecisionRefinedPlayer VS DecisionRulePlayer,,,,,,DecisionRefinedPlayer VS DecisionRulePlayer,,,,,,DecisionRefinedPlayer VS DecisionRulePlayer,,,,,,DecisionRefinedPlayer VS DecisionRulePlayer,,,,,,DecisionRefinedPlayer VS DecisionRulePlayer,,,,,,DecisionRefinedPlayer VS DecisionRulePlayer,,,,,,DecisionRefinedPlayer VS DecisionRulePlayer,,,,,,DecisionRefinedPlayer VS DecisionRulePlayer,,,,,,DecisionRefinedPlayer VS DecisionRulePlayer,,,,,,DecisionRefinedPlayer VS DecisionRulePlayer,,,,,,,,,,,,
Win,Lose,Bust,Draw,,,Win,Lose,Bust,Draw,,,Win,Lose,Bust,Draw,,,Win,Lose,Bust,Draw,,,Win,Lose,Bust,Draw,,,Win,Lose,Bust,Draw,,,Win,Lose,Bust,Draw,,,Win,Lose,Bust,Draw,,,Win,Lose,Bust,Draw,,,Win,Lose,Bust,Draw,,,,,,,,,
41,32,22,5,,,53,27,15,5,,,42,25,25,8,,,48,23,21,8,,,38,28,18,16,,,47,27,19,7,,,47,35,16,2,,,44,33,15,8,,,34,31,25,10,,,50,23,20,7,,,,,,,,,
DecisionRefinedPlayer VS DecisionRefinedPlayer,,,,,,DecisionRefinedPlayer VS DecisionRefinedPlayer,,,,,,DecisionRefinedPlayer VS DecisionRefinedPlayer,,,,,,DecisionRefinedPlayer VS DecisionRefinedPlayer,,,,,,DecisionRefinedPlayer VS DecisionRefinedPlayer,,,,,,DecisionRefinedPlayer VS DecisionRefinedPlayer,,,,,,DecisionRefinedPlayer VS DecisionRefinedPlayer,,,,,,DecisionRefinedPlayer VS DecisionRefinedPlayer,,,,,,DecisionRefinedPlayer VS DecisionRefinedPlayer,,,,,,DecisionRefinedPlayer VS DecisionRefinedPlayer,,,,,,,,,,,,
Win,Lose,Bust,Draw,,,Win,Lose,Bust,Draw,,,Win,Lose,Bust,Draw,,,Win,Lose,Bust,Draw,,,Win,Lose,Bust,Draw,,,Win,Lose,Bust,Draw,,,Win,Lose,Bust,Draw,,,Win,Lose,Bust,Draw,,,Win,Lose,Bust,Draw,,,Win,Lose,Bust,Draw,,,,,,,,,
40,22,29,9,,,37,32,22,9,,,44,21,23,12,,,53,25,16,6,,,45,24,19,12,,,47,21,22,10,,,42,27,24,7,,,46,23,21,10,,,45,26,18,11,,,41,30,21,8,,,,,,,,,
